CODREG,REG,CODDEP,DEP,NBARR,NBCAN,NBCOM,PMUN,PTOT,nb cond
84,Auvergne-Rhône-Alpes,1,Ain,4,23,393,652432,668565,434567.25
32,Hauts-de-France,2,Aisne,5,21,800,531345,543368,353189.2
84,Auvergne-Rhône-Alpes,3,Allier,3,19,317,335975,344922,224199.3
93,Provence-Alpes-Côte d'Azur,4,Alpes-de-Haute-Provence,4,15,198,164308,168867,109763.55
93,Provence-Alpes-Côte d'Azur,5,Hautes-Alpes,2,15,162,141220,145791,94764.15
93,Provence-Alpes-Côte d'Azur,6,Alpes-Maritimes,2,27,163,1094283,1108475,720508.75
84,Auvergne-Rhône-Alpes,7,Ardèche,3,17,335,328278,337227,219197.55
44,Grand Est,8,Ardennes,4,19,449,270582,276930,180004.5
76,Occitanie,9,Ariège,3,13,327,153287,157339,102270.35
44,Grand Est,10,Aube,3,17,431,310242,317366,206287.9
76,Occitanie,11,Aude,3,19,433,374070,382881,248872.65
76,Occitanie,12,Aveyron,3,23,285,279595,289948,188466.2
93,Provence-Alpes-Côte d'Azur,13,Bouches-du-Rhône,4,29,119,2043110,2067654,1343975.1
28,Normandie,14,Calvados,4,25,528,694905,709064,460891.6
84,Auvergne-Rhône-Alpes,15,Cantal,3,15,246,144692,149664,97281.6
75,Nouvelle-Aquitaine,16,Charente,3,19,365,352015,361250,234812.5
75,Nouvelle-Aquitaine,17,Charente-Maritime,5,27,463,651358,667287,433736.55
24,Centre-Val de Loire,18,Cher,3,19,287,302306,309523,201189.95
75,Nouvelle-Aquitaine,19,Corrèze,3,19,280,240073,247841,161096.65
27,Bourgogne-Franche-Comté,21,Côte-d'Or,3,23,698,534124,546189,355022.85
53,Bretagne,22,Côtes-d'Armor,4,27,348,600582,618869,402264.85
75,Nouvelle-Aquitaine,23,Creuse,2,15,256,116617,120146,78094.9
75,Nouvelle-Aquitaine,24,Dordogne,4,25,505,413223,423678,275390.7
27,Bourgogne-Franche-Comté,25,Doubs,3,19,573,543974,557714,362514.1
84,Auvergne-Rhône-Alpes,26,Drôme,3,19,364,516762,530083,344553.95
28,Normandie,27,Eure,3,23,585,599507,612792,398314.8
24,Centre-Val de Loire,28,Eure-et-Loir,4,15,365,431575,441931,287255.15
53,Bretagne,29,Finistère,4,27,277,915090,940279,611181.35
94,Corse,2A,Corse-du-Sud,2,11,124,158507,160958,104622.7
94,Corse,2B,Haute-Corse,3,15,236,181933,184680,120042
76,Occitanie,30,Gard,3,23,351,748437,762059,495338.35
76,Occitanie,31,Haute-Garonne,3,27,586,1400039,1423290,925138.5
76,Occitanie,32,Gers,3,17,461,191377,198101,128765.65
75,Nouvelle-Aquitaine,33,Gironde,6,33,535,1623749,1648307,1071399.55
76,Occitanie,34,Hérault,3,25,342,1175623,1193790,775963.5
53,Bretagne,35,Ille-et-Vilaine,4,27,333,1079498,1104397,717858.05
24,Centre-Val de Loire,36,Indre,4,13,241,219316,225013,146258.45
24,Centre-Val de Loire,37,Indre-et-Loire,3,19,272,610079,622318,404506.7
84,Auvergne-Rhône-Alpes,38,Isère,3,29,512,1271166,1296116,842475.4
27,Bourgogne-Franche-Comté,39,Jura,3,17,494,259199,268328,174413.2
75,Nouvelle-Aquitaine,40,Landes,2,15,327,413690,425968,276879.2
24,Centre-Val de Loire,41,Loir-et-Cher,3,15,267,329470,337975,219683.75
84,Auvergne-Rhône-Alpes,42,Loire,3,21,323,765634,780016,507010.4
84,Auvergne-Rhône-Alpes,43,Haute-Loire,3,19,257,227570,234401,152360.65
52,Pays de la Loire,44,Loire-Atlantique,3,31,207,1429272,1458259,947868.35
24,Centre-Val de Loire,45,Loiret,3,21,325,680434,695084,451804.6
76,Occitanie,46,Lot,3,17,313,174094,179729,116823.85
75,Nouvelle-Aquitaine,47,Lot-et-Garonne,4,21,319,331271,339620,220753
76,Occitanie,48,Lozère,2,13,152,76604,80304,52197.6
52,Pays de la Loire,49,Maine-et-Loire,4,21,177,818273,838257,544867.05
28,Normandie,50,Manche,4,27,446,495045,510956,332121.4
44,Grand Est,51,Marne,4,23,613,566855,578349,375926.85
44,Grand Est,52,Haute-Marne,3,17,426,172512,177457,115347.05
52,Pays de la Loire,53,Mayenne,3,17,240,307062,316615,205799.75
44,Grand Est,54,Meurthe-et-Moselle,4,23,591,733760,745453,484544.45
44,Grand Est,55,Meuse,3,17,499,184083,189535,123197.75
53,Bretagne,56,Morbihan,3,21,250,759684,781100,507715
44,Grand Est,57,Moselle,5,27,725,1046543,1065327,692462.55
27,Bourgogne-Franche-Comté,58,Nièvre,4,17,309,204452,209860,136409
32,Hauts-de-France,59,Nord,6,41,648,2608346,2638696,1715152.4
32,Hauts-de-France,60,Oise,4,21,679,829419,847158,550652.7
28,Normandie,61,Orne,3,21,385,279942,288008,187205.2
32,Hauts-de-France,62,Pas-de-Calais,7,39,890,1465278,1487300,966745
84,Auvergne-Rhône-Alpes,63,Puy-de-Dôme,5,31,464,662152,676745,439884.25
75,Nouvelle-Aquitaine,64,Pyrénées-Atlantiques,3,27,546,682621,701418,455921.7
76,Occitanie,65,Hautes-Pyrénées,3,17,469,229567,235709,153210.85
76,Occitanie,66,Pyrénées-Orientales,3,17,226,479979,487853,317104.45
44,Grand Est,67,Bas-Rhin,5,23,514,1140057,1156224,751545.6
44,Grand Est,68,Haut-Rhin,4,17,366,767086,781389,507902.85
84,Auvergne-Rhône-Alpes,69,Rhône,2,13,267,1875747,1902247,1236460.55
27,Bourgogne-Franche-Comté,70,Haute-Saône,2,17,539,235313,241538,156999.7
27,Bourgogne-Franche-Comté,71,Saône-et-Loire,5,29,565,551493,567306,368748.9
52,Pays de la Loire,72,Sarthe,3,21,354,566412,579606,376743.9
84,Auvergne-Rhône-Alpes,73,Savoie,3,19,273,436434,449127,291932.55
84,Auvergne-Rhône-Alpes,74,Haute-Savoie,4,17,279,826094,847627,550957.55
11,Île-de-France,75,Paris,1,NA,1,2165423,2182174,1418413.1
28,Normandie,76,Seine-Maritime,3,35,708,1255633,1276532,829745.8
11,Île-de-France,77,Seine-et-Marne,5,23,507,1421197,1437729,934523.85
11,Île-de-France,78,Yvelines,4,21,259,1448207,1473221,957593.65
75,Nouvelle-Aquitaine,79,Deux-Sèvres,3,17,256,374878,385150,250347.5
32,Hauts-de-France,80,Somme,4,23,772,570559,580535,377347.75
76,Occitanie,81,Tarn,2,23,314,389844,400343,260222.95
76,Occitanie,82,Tarn-et-Garonne,2,15,195,260669,266481,173212.65
93,Provence-Alpes-Côte d'Azur,83,Var,3,23,153,1076711,1093822,710984.3
93,Provence-Alpes-Côte d'Azur,84,Vaucluse,3,17,151,561469,572613,372198.45
52,Pays de la Loire,85,Vendée,3,17,258,685442,704403,457861.95
75,Nouvelle-Aquitaine,86,Vienne,3,19,266,438435,448749,291686.85
75,Nouvelle-Aquitaine,87,Haute-Vienne,3,21,195,372359,379249,246511.85
44,Grand Est,88,Vosges,3,17,507,364499,375855,244305.75
27,Bourgogne-Franche-Comté,89,Yonne,3,21,423,335707,344022,223614.3
27,Bourgogne-Franche-Comté,90,Territoire de Belfort,1,9,101,141318,144447,93890.55
11,Île-de-France,91,Essonne,3,21,194,1301659,1316011,855407.15
11,Île-de-France,92,Hauts-de-Seine,3,23,36,1624357,1640721,1066468.65
11,Île-de-France,93,Seine-Saint-Denis,3,21,40,1644903,1651739,1073630.35
11,Île-de-France,94,Val-de-Marne,3,25,47,1407124,1415845,920299.25
11,Île-de-France,95,Val-d'Oise,3,21,184,1249674,1259985,818990.25
1,Guadeloupe,971,Guadeloupe,2,21,32,384239,389995,253496.75
2,Martinique,972,Martinique,4,NA,34,364508,369406,240113.9
3,Guyane,973,Guyane,2,NA,22,281678,284085,184655.25
4,La Réunion,974,La Réunion,4,25,24,861210,870870,566065.5
