"dep";"nb_accidents";"nb_conducteurs";"frequence_par_conducteur";"NUTS_ID"
"FR75";5610;1418413,10000014;0,00395512421592796;"FRFR75"
"FR93";3130;1073630,34999994;0,00291534232429269;"FRFR93"
"FR94";2681;920299,25;0,00291318285872775;"FRFR94"
"FRL";338;120042;0,00281568117825428;"FRFRL"
"FR5";252;94764,1499999997;0,00265923347595056;"FRFR5"
"FRM";277;104622,7;0,00264760897969562;"FRFRM"
"FR92";2446;1066468,65000005;0,00229355077619946;"FRFR92"
"FR13";2997;1343975,09999993;0,0022299520281292;"FRFR13"
"FR972";527;240113,900000002;0,00219479172176203;"FRFR972"
"FR973";387;184655,25;0,00209579743874057;"FRFR973"
"FR4";230;109763,55;0,00209541327699404;"FRFR4"
"FR69";2523;1236460,55000004;0,00204050181787031;"FRFR69"
"FR64";850;455921,699999993;0,0018643552171349;"FRFR64"
"FR10";384;206287,9;0,00186147612147877;"FRFR10"
"FR37";714;404506,699999995;0,00176511291407537;"FRFR37"
"FR87";424;246511,849999999;0,00171999845037876;"FRFR87"
"FR91";1460;855407,149999999;0,00170678956798526;"FRFR91"
"FR48";84;52197,6;0,00160926939169617;"FRFR48"
"FR6";1072;720508,75;0,00148783758698281;"FRFR6"
"FR17";635;433736,550000005;0,00146402234259481;"FRFR17"
"FR971";358;253496,75;0,0014122469025737;"FRFR971"
"FR974";779;566065,5;0,00137616583239925;"FRFR974"
"FR71";507;368748,900000003;0,00137491935569162;"FRFR71"
"FR49";749;544867,050000007;0,00137464726486946;"FRFR49"
"FR45";616;451804,599999997;0,00136342126662722;"FRFR45"
"FR50";451;332121,400000003;0,00135793718802822;"FRFR50"
"FR33";1445;1071399,54999997;0,00134870319854067;"FRFR33"
"FR58";180;136409;0,00131956102603201;"FRFR58"
"FR51";485;375926,849999997;0,00129014461191055;"FRFR51"
"FR11";318;248872,65;0,00127776193969084;"FRFR11"
"FR32";163;128765,65;0,00126586554721698;"FRFR32"
"FR80";470;377347,75;0,00124553545105278;"FRFR80"
"FR9";124;102270,35;0,00121247262769708;"FRFR9"
"FR7";265;219197,549999999;0,0012089551183396;"FRFR7"
"FR14";557;460891,599999996;0,0012085271243824;"FRFR14"
"FR54";577;484544,449999995;0,00119080922297223;"FRFR54"
"FR41";255;219683,75;0,00116075950087341;"FRFR41"
"FR19";186;161096,65;0,00115458639270277;"FRFR19"
"FR56";584;507715;0,00115025161754134;"FRFR56"
"FR29";696;611181,350000006;0,00113877820388334;"FRFR29"
"FR66";356;317104,450000002;0,00112265848051012;"FRFR66"
"FR3";248;224199,299999999;0,00110615867221709;"FRFR3"
"FR77";1020;934523,850000016;0,00109146492087921;"FRFR77"
"FR1";474;434567,25;0,0010907402709247;"FRFR1"
"FR35";779;717858,050000006;0,00108517275804039;"FRFR35"
"FR22";436;402264,849999997;0,00108386303202978;"FRFR22"
"FR34";833;775963,5;0,00107350410167489;"FRFR34"
"FR67";796;751545,600000011;0,00105915063570326;"FRFR67"
"FR61";198;187205,2;0,00105766292816653;"FRFR61"
"FR83";745;710984,300000008;0,00104784310989707;"FRFR83"
"FR52";120;115347,05;0,00104033869960263;"FRFR52"
"FR63";456;439884,25;0,00103663634240144;"FRFR63"
"FR12";194;188466,2;0,00102936229414081;"FRFR12"
"FR72";381;376743,900000003;0,00101129706413295;"FRFR72"
"FR36";147;146258,45;0,00100507013440933;"FRFR36"
"FR74";547;550957,550000006;0,000992816960217705;"FRFR74"
"FR27";392;398314,8;0,000984146207974195;"FRFR27"
"FR95";806;818990,25;0,00098413870006389;"FRFR95"
"FR89";218;223614,299999999;0,000974892929477232;"FRFR89"
"FR86";274;291686,85;0,000939363567469703;"FRFR86"
"FR30";464;495338,349999996;0,000936733446945918;"FRFR30"
"FR82";160;173212,65;0,000923720063170908;"FRFR82"
"FR26";318;344553,950000002;0,000922932388382134;"FRFR26"
"FR15";87;97281,5999999998;0,00089431094883308;"FRFR15"
"FR31";809;925138,5;0,000874463661386917;"FRFR31"
"FR55";106;123197,75;0,000860405323960868;"FRFR55"
"FR68";437;507902,849999996;0,000860400763649984;"FRFR68"
"FR60";472;550652,699999995;0,000857164597576665;"FRFR60"
"FR79";214;250347,5;0,000854811811581901;"FRFR79"
"FR76";707;829745,800000004;0,000852068187630473;"FRFR76"
"FR47";185;220753;0,000838040706128569;"FRFR47"
"FR38";705;842475,399999989;0,000836819686367115;"FRFR38"
"FR43";127;152360,65;0,000833548557321067;"FRFR43"
"FR73";241;291932,549999999;0,000825533158258649;"FRFR73"
"FR65";126;153210,85;0,00082239606398633;"FRFR65"
"FR18";164;201189,95;0,000815150060925013;"FRFR18"
"FR28";230;287255,149999999;0,000800681902482865;"FRFR28"
"FR81";207;260222,950000001;0,000795471729146101;"FRFR81"
"FR70";124;156999,7;0,000789810426389352;"FRFR70"
"FR16";185;234812,5;0,000787862656374767;"FRFR16"
"FR46";91;116823,85;0,000778950531077345;"FRFR46"
"FR42";390;507010,400000004;0,000769214990461729;"FRFR42"
"FR23";59;78094,9;0,000755491075601608;"FRFR23"
"FR88";184;244305,75;0,000753154602378372;"FRFR88"
"FR24";200;275390,700000001;0,000726240936967005;"FRFR24"
"FR85";332;457861,95;0,000725109391597183;"FRFR85"
"FR25";261;362514,099999999;0,000719971995572036;"FRFR25"
"FR78";676;957593,649999988;0,000705936176581798;"FRFR78"
"FR84";245;372198,450000002;0,000658250994865774;"FRFR84"
"FR44";598;947868,35000001;0,000630889300186037;"FRFR44"
"FR39";108;174413,2;0,000619219187538559;"FRFR39"
"FR40";171;276879,2;0,000617597854949016;"FRFR40"
"FR2";210;353189,200000001;0,000594582167291636;"FRFR2"
"FR62";574;966745;0,000593744989630151;"FRFR62"
"FR21";205;355022,85;0,000577427621912223;"FRFR21"
"FR57";371;692462,550000005;0,000535769046282716;"FRFR57"
"FR53";109;205799,75;0,000529641070992555;"FRFR53"
"FR59";871;1715152,40000001;0,000507826593135393;"FRFR59"
"FR8";91;180004,5;0,000505542916982631;"FRFR8"
"FR90";47;93890,5499999999;0,000500582859510356;"FRFR90"
